-- phpMyAdmin SQL Dump
-- version 4.4.15.1
-- http://www.phpmyadmin.net
--
-- Host: localhost
-- Generation Time: Nov 23, 2016 at 08:22 AM
-- Server version: 5.5.44-MariaDB
-- PHP Version: 5.4.16

SET SQL_MODE = "NO_AUTO_VALUE_ON_ZERO";
SET time_zone = "+00:00";


/*!40101 SET @OLD_CHARACTER_SET_CLIENT=@@CHARACTER_SET_CLIENT */;
/*!40101 SET @OLD_CHARACTER_SET_RESULTS=@@CHARACTER_SET_RESULTS */;
/*!40101 SET @OLD_COLLATION_CONNECTION=@@COLLATION_CONNECTION */;
/*!40101 SET NAMES utf8mb4 */;

--
-- Database: `db_tps`
--

-- --------------------------------------------------------

--
-- Table structure for table `tb_anggota`
--

CREATE TABLE IF NOT EXISTS `tb_anggota` (
  `thn_ajaran` char(4) NOT NULL,
  `smt` char(1) NOT NULL DEFAULT '1',
  `kode_kel` char(6) NOT NULL DEFAULT '0',
  `nbi` char(10) NOT NULL,
  `nilai_bimb` tinyint(1) DEFAULT '0',
  `nilai_11` tinyint(1) DEFAULT '0',
  `nilai_12` tinyint(1) DEFAULT '0',
  `nilai_13` tinyint(1) DEFAULT '0',
  `nilai_14` tinyint(1) DEFAULT '0',
  `nilai_21` tinyint(1) DEFAULT '0',
  `nilai_22` tinyint(1) DEFAULT '0',
  `nilai_23` tinyint(1) DEFAULT '0',
  `nilai_24` tinyint(1) DEFAULT '0',
  `nilai_31` tinyint(1) DEFAULT '0',
  `nilai_32` tinyint(1) DEFAULT '0',
  `nilai_33` tinyint(1) DEFAULT '0',
  `nilai_34` tinyint(1) DEFAULT '0',
  `nilai_akhir` double DEFAULT '0',
  `nilai_huruf` char(2) DEFAULT 'E',
  `konfirmasi` tinyint(1) DEFAULT '0'
) ENGINE=InnoDB DEFAULT CHARSET=latin1;

--
-- Dumping data for table `tb_anggota`
--

INSERT INTO `tb_anggota` (`thn_ajaran`, `smt`, `kode_kel`, `nbi`, `nilai_bimb`, `nilai_11`, `nilai_12`, `nilai_13`, `nilai_14`, `nilai_21`, `nilai_22`, `nilai_23`, `nilai_24`, `nilai_31`, `nilai_32`, `nilai_33`, `nilai_34`, `nilai_akhir`, `nilai_huruf`, `konfirmasi`) VALUES
('2016', '1', '0', '1461405024', 0, 0, 0, 0, 0, 0, 0, 0, 0, 0, 0, 0, 0, 0, 'E', 0),
('2016', '1', '0', '461103381', 0, 0, 0, 0, 0, 0, 0, 0, 0, 0, 0, 0, 0, 0, 'E', 0),
('2016', '1', '0', '461103393', 0, 0, 0, 0, 0, 0, 0, 0, 0, 0, 0, 0, 0, 0, 'E', 0),
('2016', '1', '0', '461103627', 0, 0, 0, 0, 0, 0, 0, 0, 0, 0, 0, 0, 0, 0, 'E', 0),
('2016', '1', '0', '461203727', 0, 0, 0, 0, 0, 0, 0, 0, 0, 0, 0, 0, 0, 0, 'E', 0),
('2016', '1', '0', '461203792', 0, 0, 0, 0, 0, 0, 0, 0, 0, 0, 0, 0, 0, 0, 'E', 0),
('2016', '1', '0', '461203801', 0, 0, 0, 0, 0, 0, 0, 0, 0, 0, 0, 0, 0, 0, 'E', 0),
('2016', '1', '0', '461203808', 0, 0, 0, 0, 0, 0, 0, 0, 0, 0, 0, 0, 0, 0, 'E', 0),
('2016', '1', '0', '461203813', 0, 0, 0, 0, 0, 0, 0, 0, 0, 0, 0, 0, 0, 0, 'E', 0),
('2016', '1', '0', '461203829', 0, 0, 0, 0, 0, 0, 0, 0, 0, 0, 0, 0, 0, 0, 'E', 0),
('2016', '1', '0', '461203865', 0, 0, 0, 0, 0, 0, 0, 0, 0, 0, 0, 0, 0, 0, 'E', 0),
('2016', '1', 'TPS01', '461304236', 0, 0, 0, 0, 0, 0, 0, 0, 0, 0, 0, 0, 0, 0, 'E', 2),
('2016', '1', 'TPS01', '461304382', 0, 0, 0, 0, 0, 0, 0, 0, 0, 0, 0, 0, 0, 0, 'E', 2),
('2016', '1', 'TPS01', '461304561', 0, 0, 0, 0, 0, 0, 0, 0, 0, 0, 0, 0, 0, 0, 'E', 2),
('2016', '1', 'TPS02', '461304085', 0, 0, 0, 0, 0, 0, 0, 0, 0, 0, 0, 0, 0, 0, 'E', 2),
('2016', '1', 'TPS02', '461304086', 0, 0, 0, 0, 0, 0, 0, 0, 0, 0, 0, 0, 0, 0, 'E', 2),
('2016', '1', 'TPS02', '461304088', 0, 0, 0, 0, 0, 0, 0, 0, 0, 0, 0, 0, 0, 0, 'E', 2),
('2016', '1', 'TPS03', '1461404903', 0, 0, 0, 0, 0, 0, 0, 0, 0, 0, 0, 0, 0, 0, 'E', 2),
('2016', '1', 'TPS03', '1461404906', 0, 0, 0, 0, 0, 0, 0, 0, 0, 0, 0, 0, 0, 0, 'E', 2),
('2016', '1', 'TPS03', '1461404932', 0, 0, 0, 0, 0, 0, 0, 0, 0, 0, 0, 0, 0, 0, 'E', 1),
('2016', '1', 'TPS04', '461304090', 0, 0, 0, 0, 0, 0, 0, 0, 0, 0, 0, 0, 0, 0, 'E', 2),
('2016', '1', 'TPS04', '461304103', 0, 0, 0, 0, 0, 0, 0, 0, 0, 0, 0, 0, 0, 0, 'E', 2),
('2016', '1', 'TPS04', '461304114', 0, 0, 0, 0, 0, 0, 0, 0, 0, 0, 0, 0, 0, 0, 'E', 2),
('2016', '1', 'TPS05', '1461404914', 0, 0, 0, 0, 0, 0, 0, 0, 0, 0, 0, 0, 0, 0, 'E', 1),
('2016', '1', 'TPS05', '1461404916', 0, 0, 0, 0, 0, 0, 0, 0, 0, 0, 0, 0, 0, 0, 'E', 2),
('2016', '1', 'TPS05', '1461404962', 0, 0, 0, 0, 0, 0, 0, 0, 0, 0, 0, 0, 0, 0, 'E', 2),
('2016', '1', 'TPS06', '1461404911', 0, 0, 0, 0, 0, 0, 0, 0, 0, 0, 0, 0, 0, 0, 'E', 2),
('2016', '1', 'TPS06', '1461404913', 0, 0, 0, 0, 0, 0, 0, 0, 0, 0, 0, 0, 0, 0, 'E', 2),
('2016', '1', 'TPS06', '1461404917', 0, 0, 0, 0, 0, 0, 0, 0, 0, 0, 0, 0, 0, 0, 'E', 2),
('2016', '1', 'TPS07', '461304105', 0, 0, 0, 0, 0, 0, 0, 0, 0, 0, 0, 0, 0, 0, 'E', 2),
('2016', '1', 'TPS07', '461304250', 0, 0, 0, 0, 0, 0, 0, 0, 0, 0, 0, 0, 0, 0, 'E', 2),
('2016', '1', 'TPS07', '461304388', 0, 0, 0, 0, 0, 0, 0, 0, 0, 0, 0, 0, 0, 0, 'E', 2),
('2016', '1', 'TPS08', '461304380', 0, 0, 0, 0, 0, 0, 0, 0, 0, 0, 0, 0, 0, 0, 'E', 2),
('2016', '1', 'TPS08', '461304435', 0, 0, 0, 0, 0, 0, 0, 0, 0, 0, 0, 0, 0, 0, 'E', 2),
('2016', '1', 'TPS08', '461304469', 0, 0, 0, 0, 0, 0, 0, 0, 0, 0, 0, 0, 0, 0, 'E', 2),
('2016', '1', 'TPS09', '461203680', 0, 0, 0, 0, 0, 0, 0, 0, 0, 0, 0, 0, 0, 0, 'E', 1),
('2016', '1', 'TPS09', '461203691', 0, 0, 0, 0, 0, 0, 0, 0, 0, 0, 0, 0, 0, 0, 'E', 2),
('2016', '1', 'TPS09', '461203763', 0, 0, 0, 0, 0, 0, 0, 0, 0, 0, 0, 0, 0, 0, 'E', 2),
('2016', '1', 'TPS10', '461304112', 0, 0, 0, 0, 0, 0, 0, 0, 0, 0, 0, 0, 0, 0, 'E', 2),
('2016', '1', 'TPS10', '461304203', 0, 0, 0, 0, 0, 0, 0, 0, 0, 0, 0, 0, 0, 0, 'E', 2),
('2016', '1', 'TPS10', '461304209', 0, 0, 0, 0, 0, 0, 0, 0, 0, 0, 0, 0, 0, 0, 'E', 2),
('2016', '1', 'TPS11', '461203990', 0, 0, 0, 0, 0, 0, 0, 0, 0, 0, 0, 0, 0, 0, 'E', 2),
('2016', '1', 'TPS11', '461304512', 0, 0, 0, 0, 0, 0, 0, 0, 0, 0, 0, 0, 0, 0, 'E', 2),
('2016', '1', 'TPS11', '461304520', 0, 0, 0, 0, 0, 0, 0, 0, 0, 0, 0, 0, 0, 0, 'E', 2),
('2016', '1', 'TPS12', '1461404861', 0, 0, 0, 0, 0, 0, 0, 0, 0, 0, 0, 0, 0, 0, 'E', 2),
('2016', '1', 'TPS12', '1461404865', 0, 0, 0, 0, 0, 0, 0, 0, 0, 0, 0, 0, 0, 0, 'E', 2),
('2016', '1', 'TPS13', '1461404793', 0, 0, 0, 0, 0, 0, 0, 0, 0, 0, 0, 0, 0, 0, 'E', 2),
('2016', '1', 'TPS13', '1461404876', 0, 0, 0, 0, 0, 0, 0, 0, 0, 0, 0, 0, 0, 0, 'E', 2),
('2016', '1', 'TPS13', '1461404888', 0, 0, 0, 0, 0, 0, 0, 0, 0, 0, 0, 0, 0, 0, 'E', 2),
('2016', '1', 'TPS14', '461103337', 0, 0, 0, 0, 0, 0, 0, 0, 0, 0, 0, 0, 0, 0, 'E', 2),
('2016', '1', 'TPS14', '461103346', 0, 0, 0, 0, 0, 0, 0, 0, 0, 0, 0, 0, 0, 0, 'E', 2),
('2016', '1', 'TPS14', '461103553', 0, 0, 0, 0, 0, 0, 0, 0, 0, 0, 0, 0, 0, 0, 'E', 2),
('2016', '1', 'TPS15', '461203764', 0, 0, 0, 0, 0, 0, 0, 0, 0, 0, 0, 0, 0, 0, 'E', 2),
('2016', '1', 'TPS15', '461203862', 0, 0, 0, 0, 0, 0, 0, 0, 0, 0, 0, 0, 0, 0, 'E', 2),
('2016', '1', 'TPS15', '461203888', 0, 0, 0, 0, 0, 0, 0, 0, 0, 0, 0, 0, 0, 0, 'E', 2),
('2016', '1', 'TPS16', '461304095', 0, 0, 0, 0, 0, 0, 0, 0, 0, 0, 0, 0, 0, 0, 'E', 2),
('2016', '1', 'TPS16', '461304098', 0, 0, 0, 0, 0, 0, 0, 0, 0, 0, 0, 0, 0, 0, 'E', 2),
('2016', '1', 'TPS16', '461304147', 0, 0, 0, 0, 0, 0, 0, 0, 0, 0, 0, 0, 0, 0, 'E', 2),
('2016', '1', 'TPS17', '461304087', 0, 0, 0, 0, 0, 0, 0, 0, 0, 0, 0, 0, 0, 0, 'E', 2),
('2016', '1', 'TPS17', '461304099', 0, 0, 0, 0, 0, 0, 0, 0, 0, 0, 0, 0, 0, 0, 'E', 2),
('2016', '1', 'TPS17', '461304168', 0, 0, 0, 0, 0, 0, 0, 0, 0, 0, 0, 0, 0, 0, 'E', 2),
('2016', '1', 'TPS18', '461304140', 0, 0, 0, 0, 0, 0, 0, 0, 0, 0, 0, 0, 0, 0, 'E', 2),
('2016', '1', 'TPS18', '461304223', 0, 0, 0, 0, 0, 0, 0, 0, 0, 0, 0, 0, 0, 0, 'E', 2),
('2016', '1', 'TPS18', '461304228', 0, 0, 0, 0, 0, 0, 0, 0, 0, 0, 0, 0, 0, 0, 'E', 2),
('2016', '1', 'TPS19', '461304094', 0, 0, 0, 0, 0, 0, 0, 0, 0, 0, 0, 0, 0, 0, 'E', 2),
('2016', '1', 'TPS19', '461304123', 0, 0, 0, 0, 0, 0, 0, 0, 0, 0, 0, 0, 0, 0, 'E', 2),
('2016', '1', 'TPS19', '461304138', 0, 0, 0, 0, 0, 0, 0, 0, 0, 0, 0, 0, 0, 0, 'E', 2),
('2016', '1', 'TPS20', '461304148', 0, 0, 0, 0, 0, 0, 0, 0, 0, 0, 0, 0, 0, 0, 'E', 2),
('2016', '1', 'TPS20', '461304181', 0, 0, 0, 0, 0, 0, 0, 0, 0, 0, 0, 0, 0, 0, 'E', 2),
('2016', '1', 'TPS20', '461304202', 0, 0, 0, 0, 0, 0, 0, 0, 0, 0, 0, 0, 0, 0, 'E', 2),
('2016', '1', 'TPS21', '461304108', 0, 0, 0, 0, 0, 0, 0, 0, 0, 0, 0, 0, 0, 0, 'E', 2),
('2016', '1', 'TPS21', '461304122', 0, 0, 0, 0, 0, 0, 0, 0, 0, 0, 0, 0, 0, 0, 'E', 2),
('2016', '1', 'TPS21', '461304136', 0, 0, 0, 0, 0, 0, 0, 0, 0, 0, 0, 0, 0, 0, 'E', 2),
('2016', '1', 'TPS22', '461304475', 0, 0, 0, 0, 0, 0, 0, 0, 0, 0, 0, 0, 0, 0, 'E', 2),
('2016', '1', 'TPS22', '461304484', 0, 0, 0, 0, 0, 0, 0, 0, 0, 0, 0, 0, 0, 0, 'E', 2),
('2016', '1', 'TPS22', '461304492', 0, 0, 0, 0, 0, 0, 0, 0, 0, 0, 0, 0, 0, 0, 'E', 2),
('2016', '1', 'TPS23', '461304523', 0, 0, 0, 0, 0, 0, 0, 0, 0, 0, 0, 0, 0, 0, 'E', 2),
('2016', '1', 'TPS23', '461304559', 0, 0, 0, 0, 0, 0, 0, 0, 0, 0, 0, 0, 0, 0, 'E', 2),
('2016', '1', 'TPS24', '461304082', 0, 0, 0, 0, 0, 0, 0, 0, 0, 0, 0, 0, 0, 0, 'E', 2),
('2016', '1', 'TPS24', '461304132', 0, 0, 0, 0, 0, 0, 0, 0, 0, 0, 0, 0, 0, 0, 'E', 2),
('2016', '1', 'TPS24', '461304173', 0, 0, 0, 0, 0, 0, 0, 0, 0, 0, 0, 0, 0, 0, 'E', 2),
('2016', '1', 'TPS25', '1461405023', 0, 0, 0, 0, 0, 0, 0, 0, 0, 0, 0, 0, 0, 0, 'E', 2),
('2016', '1', 'TPS25', '1461405027', 0, 0, 0, 0, 0, 0, 0, 0, 0, 0, 0, 0, 0, 0, 'E', 2),
('2016', '1', 'TPS25', '1461405038', 0, 0, 0, 0, 0, 0, 0, 0, 0, 0, 0, 0, 0, 0, 'E', 2),
('2016', '1', 'TPS26', '461304521', 0, 0, 0, 0, 0, 0, 0, 0, 0, 0, 0, 0, 0, 0, 'E', 2),
('2016', '1', 'TPS26', '461304542', 0, 0, 0, 0, 0, 0, 0, 0, 0, 0, 0, 0, 0, 0, 'E', 2),
('2016', '1', 'TPS26', '461304545', 0, 0, 0, 0, 0, 0, 0, 0, 0, 0, 0, 0, 0, 0, 'E', 2),
('2016', '1', 'TPS27', '461304177', 0, 0, 0, 0, 0, 0, 0, 0, 0, 0, 0, 0, 0, 0, 'E', 2),
('2016', '1', 'TPS27', '461304214', 0, 0, 0, 0, 0, 0, 0, 0, 0, 0, 0, 0, 0, 0, 'E', 2),
('2016', '1', 'TPS27', '461304570', 0, 0, 0, 0, 0, 0, 0, 0, 0, 0, 0, 0, 0, 0, 'E', 2),
('2016', '1', 'TPS28', '461304159', 0, 0, 0, 0, 0, 0, 0, 0, 0, 0, 0, 0, 0, 0, 'E', 2),
('2016', '1', 'TPS28', '461304162', 0, 0, 0, 0, 0, 0, 0, 0, 0, 0, 0, 0, 0, 0, 'E', 2),
('2016', '1', 'TPS28', '461304225', 0, 0, 0, 0, 0, 0, 0, 0, 0, 0, 0, 0, 0, 0, 'E', 2),
('2016', '1', 'TPS29', '461304092', 0, 0, 0, 0, 0, 0, 0, 0, 0, 0, 0, 0, 0, 0, 'E', 2),
('2016', '1', 'TPS29', '461304107', 0, 0, 0, 0, 0, 0, 0, 0, 0, 0, 0, 0, 0, 0, 'E', 2),
('2016', '1', 'TPS29', '461304174', 0, 0, 0, 0, 0, 0, 0, 0, 0, 0, 0, 0, 0, 0, 'E', 2),
('2016', '1', 'TPS30', '461304278', 0, 0, 0, 0, 0, 0, 0, 0, 0, 0, 0, 0, 0, 0, 'E', 2),
('2016', '1', 'TPS30', '461304433', 0, 0, 0, 0, 0, 0, 0, 0, 0, 0, 0, 0, 0, 0, 'E', 2),
('2016', '1', 'TPS30', '461304462', 0, 0, 0, 0, 0, 0, 0, 0, 0, 0, 0, 0, 0, 0, 'E', 2),
('2016', '1', 'TPS31', '461304238', 0, 0, 0, 0, 0, 0, 0, 0, 0, 0, 0, 0, 0, 0, 'E', 2),
('2016', '1', 'TPS31', '461304271', 0, 0, 0, 0, 0, 0, 0, 0, 0, 0, 0, 0, 0, 0, 'E', 2),
('2016', '1', 'TPS31', '461304283', 0, 0, 0, 0, 0, 0, 0, 0, 0, 0, 0, 0, 0, 0, 'E', 2),
('2016', '1', 'TPS32', '461203739', 0, 0, 0, 0, 0, 0, 0, 0, 0, 0, 0, 0, 0, 0, 'E', 2),
('2016', '1', 'TPS32', '461203740', 0, 0, 0, 0, 0, 0, 0, 0, 0, 0, 0, 0, 0, 0, 'E', 2),
('2016', '1', 'TPS33', '461304359', 0, 0, 0, 0, 0, 0, 0, 0, 0, 0, 0, 0, 0, 0, 'E', 2),
('2016', '1', 'TPS33', '461304407', 0, 0, 0, 0, 0, 0, 0, 0, 0, 0, 0, 0, 0, 0, 'E', 2),
('2016', '1', 'TPS33', '461304466', 0, 0, 0, 0, 0, 0, 0, 0, 0, 0, 0, 0, 0, 0, 'E', 2),
('2016', '1', 'TPS34', '461304111', 0, 0, 0, 0, 0, 0, 0, 0, 0, 0, 0, 0, 0, 0, 'E', 2),
('2016', '1', 'TPS34', '461304125', 0, 0, 0, 0, 0, 0, 0, 0, 0, 0, 0, 0, 0, 0, 'E', 2),
('2016', '1', 'TPS34', '461304457', 0, 0, 0, 0, 0, 0, 0, 0, 0, 0, 0, 0, 0, 0, 'E', 2),
('2016', '1', 'TPS35', '1461404901', 0, 0, 0, 0, 0, 0, 0, 0, 0, 0, 0, 0, 0, 0, 'E', 2),
('2016', '1', 'TPS35', '1461404910', 0, 0, 0, 0, 0, 0, 0, 0, 0, 0, 0, 0, 0, 0, 'E', 2),
('2016', '1', 'TPS35', '1461404947', 0, 0, 0, 0, 0, 0, 0, 0, 0, 0, 0, 0, 0, 0, 'E', 2),
('2016', '1', 'TPS36', '461304244', 0, 0, 0, 0, 0, 0, 0, 0, 0, 0, 0, 0, 0, 0, 'E', 2),
('2016', '1', 'TPS36', '461304429', 0, 0, 0, 0, 0, 0, 0, 0, 0, 0, 0, 0, 0, 0, 'E', 2),
('2016', '1', 'TPS36', '461304448', 0, 0, 0, 0, 0, 0, 0, 0, 0, 0, 0, 0, 0, 0, 'E', 2),
('2016', '1', 'TPS37', '461304253', 0, 0, 0, 0, 0, 0, 0, 0, 0, 0, 0, 0, 0, 0, 'E', 2),
('2016', '1', 'TPS37', '461304281', 0, 0, 0, 0, 0, 0, 0, 0, 0, 0, 0, 0, 0, 0, 'E', 2),
('2016', '1', 'TPS37', '461304332', 0, 0, 0, 0, 0, 0, 0, 0, 0, 0, 0, 0, 0, 0, 'E', 2),
('2016', '1', 'TPS38', '461304347', 0, 0, 0, 0, 0, 0, 0, 0, 0, 0, 0, 0, 0, 0, 'E', 2),
('2016', '1', 'TPS38', '461304511', 0, 0, 0, 0, 0, 0, 0, 0, 0, 0, 0, 0, 0, 0, 'E', 2),
('2016', '1', 'TPS38', '461304514', 0, 0, 0, 0, 0, 0, 0, 0, 0, 0, 0, 0, 0, 0, 'E', 2),
('2016', '1', 'TPS39', '1461426022', 0, 0, 0, 0, 0, 0, 0, 0, 0, 0, 0, 0, 0, 0, 'E', 2),
('2016', '1', 'TPS39', '461304241', 0, 0, 0, 0, 0, 0, 0, 0, 0, 0, 0, 0, 0, 0, 'E', 2),
('2016', '1', 'TPS39', '461304256', 0, 0, 0, 0, 0, 0, 0, 0, 0, 0, 0, 0, 0, 0, 'E', 2),
('2016', '1', 'TPS40', '1461404912', 0, 0, 0, 0, 0, 0, 0, 0, 0, 0, 0, 0, 0, 0, 'E', 2),
('2016', '1', 'TPS40', '1461404961', 0, 0, 0, 0, 0, 0, 0, 0, 0, 0, 0, 0, 0, 0, 'E', 2),
('2016', '1', 'TPS40', '461304427', 0, 0, 0, 0, 0, 0, 0, 0, 0, 0, 0, 0, 0, 0, 'E', 2),
('2016', '1', 'TPS41', '1461404788', 0, 0, 0, 0, 0, 0, 0, 0, 0, 0, 0, 0, 0, 0, 'E', 2),
('2016', '1', 'TPS41', '1461404803', 0, 0, 0, 0, 0, 0, 0, 0, 0, 0, 0, 0, 0, 0, 'E', 2),
('2016', '1', 'TPS41', '1461404827', 0, 0, 0, 0, 0, 0, 0, 0, 0, 0, 0, 0, 0, 0, 'E', 2),
('2016', '1', 'TPS42', '1461404764', 0, 0, 0, 0, 0, 0, 0, 0, 0, 0, 0, 0, 0, 0, 'E', 2),
('2016', '1', 'TPS42', '1461404783', 0, 0, 0, 0, 0, 0, 0, 0, 0, 0, 0, 0, 0, 0, 'E', 2),
('2016', '1', 'TPS42', '1461404792', 0, 0, 0, 0, 0, 0, 0, 0, 0, 0, 0, 0, 0, 0, 'E', 2),
('2016', '1', 'TPS43', '461304179', 0, 0, 0, 0, 0, 0, 0, 0, 0, 0, 0, 0, 0, 0, 'E', 2),
('2016', '1', 'TPS43', '461304188', 0, 0, 0, 0, 0, 0, 0, 0, 0, 0, 0, 0, 0, 0, 'E', 2),
('2016', '1', 'TPS43', '461304211', 0, 0, 0, 0, 0, 0, 0, 0, 0, 0, 0, 0, 0, 0, 'E', 2),
('2016', '1', 'TPS44', '1461404841', 0, 0, 0, 0, 0, 0, 0, 0, 0, 0, 0, 0, 0, 0, 'E', 2),
('2016', '1', 'TPS44', '1461404889', 0, 0, 0, 0, 0, 0, 0, 0, 0, 0, 0, 0, 0, 0, 'E', 2),
('2016', '1', 'TPS44', '1461404930', 0, 0, 0, 0, 0, 0, 0, 0, 0, 0, 0, 0, 0, 0, 'E', 2),
('2016', '1', 'TPS45', '1461404844', 0, 0, 0, 0, 0, 0, 0, 0, 0, 0, 0, 0, 0, 0, 'E', 2),
('2016', '1', 'TPS45', '461304415', 0, 0, 0, 0, 0, 0, 0, 0, 0, 0, 0, 0, 0, 0, 'E', 2),
('2016', '1', 'TPS45', '461304487', 0, 0, 0, 0, 0, 0, 0, 0, 0, 0, 0, 0, 0, 0, 'E', 2),
('2016', '1', 'TPS46', '1461404918', 0, 0, 0, 0, 0, 0, 0, 0, 0, 0, 0, 0, 0, 0, 'E', 2),
('2016', '1', 'TPS46', '1461404958', 0, 0, 0, 0, 0, 0, 0, 0, 0, 0, 0, 0, 0, 0, 'E', 2),
('2016', '1', 'TPS46', '1461404973', 0, 0, 0, 0, 0, 0, 0, 0, 0, 0, 0, 0, 0, 0, 'E', 2),
('2016', '1', 'TPS47', '1461404897', 0, 0, 0, 0, 0, 0, 0, 0, 0, 0, 0, 0, 0, 0, 'E', 2),
('2016', '1', 'TPS47', '1461404919', 0, 0, 0, 0, 0, 0, 0, 0, 0, 0, 0, 0, 0, 0, 'E', 2),
('2016', '1', 'TPS47', '1461404937', 0, 0, 0, 0, 0, 0, 0, 0, 0, 0, 0, 0, 0, 0, 'E', 2),
('2016', '1', 'TPS48', '461103343', 0, 0, 0, 0, 0, 0, 0, 0, 0, 0, 0, 0, 0, 0, 'E', 2),
('2016', '1', 'TPS48', '461304080', 0, 0, 0, 0, 0, 0, 0, 0, 0, 0, 0, 0, 0, 0, 'E', 2),
('2016', '1', 'TPS48', '461304097', 0, 0, 0, 0, 0, 0, 0, 0, 0, 0, 0, 0, 0, 0, 'E', 2),
('2016', '1', 'TPS49', '461304379', 0, 0, 0, 0, 0, 0, 0, 0, 0, 0, 0, 0, 0, 0, 'E', 2),
('2016', '1', 'TPS49', '461304387', 0, 0, 0, 0, 0, 0, 0, 0, 0, 0, 0, 0, 0, 0, 'E', 1),
('2016', '1', 'TPS49', '461304400', 0, 0, 0, 0, 0, 0, 0, 0, 0, 0, 0, 0, 0, 0, 'E', 1),
('2016', '1', 'TPS50', '461304335', 0, 0, 0, 0, 0, 0, 0, 0, 0, 0, 0, 0, 0, 0, 'E', 2),
('2016', '1', 'TPS50', '461304342', 0, 0, 0, 0, 0, 0, 0, 0, 0, 0, 0, 0, 0, 0, 'E', 2),
('2016', '1', 'TPS50', '461304385', 0, 0, 0, 0, 0, 0, 0, 0, 0, 0, 0, 0, 0, 0, 'E', 2),
('2016', '1', 'TPS51', '461304243', 0, 0, 0, 0, 0, 0, 0, 0, 0, 0, 0, 0, 0, 0, 'E', 2),
('2016', '1', 'TPS51', '461304372', 0, 0, 0, 0, 0, 0, 0, 0, 0, 0, 0, 0, 0, 0, 'E', 2),
('2016', '1', 'TPS51', '461304394', 0, 0, 0, 0, 0, 0, 0, 0, 0, 0, 0, 0, 0, 0, 'E', 2),
('2016', '1', 'TPS52', '461304206', 0, 0, 0, 0, 0, 0, 0, 0, 0, 0, 0, 0, 0, 0, 'E', 2),
('2016', '1', 'TPS52', '461304348', 0, 0, 0, 0, 0, 0, 0, 0, 0, 0, 0, 0, 0, 0, 'E', 2),
('2016', '1', 'TPS52', '461304383', 0, 0, 0, 0, 0, 0, 0, 0, 0, 0, 0, 0, 0, 0, 'E', 2),
('2016', '1', 'TPS53', '1461404857', 0, 0, 0, 0, 0, 0, 0, 0, 0, 0, 0, 0, 0, 0, 'E', 2),
('2016', '1', 'TPS53', '461304371', 0, 0, 0, 0, 0, 0, 0, 0, 0, 0, 0, 0, 0, 0, 'E', 2),
('2016', '1', 'TPS53', '461304460', 0, 0, 0, 0, 0, 0, 0, 0, 0, 0, 0, 0, 0, 0, 'E', 2),
('2016', '1', 'TPS54', '461304360', 0, 0, 0, 0, 0, 0, 0, 0, 0, 0, 0, 0, 0, 0, 'E', 2),
('2016', '1', 'TPS54', '461304386', 0, 0, 0, 0, 0, 0, 0, 0, 0, 0, 0, 0, 0, 0, 'E', 2),
('2016', '1', 'TPS54', '461304437', 0, 0, 0, 0, 0, 0, 0, 0, 0, 0, 0, 0, 0, 0, 'E', 2),
('2016', '1', 'TPS55', '461304398', 0, 0, 0, 0, 0, 0, 0, 0, 0, 0, 0, 0, 0, 0, 'E', 2),
('2016', '1', 'TPS55', '461304432', 0, 0, 0, 0, 0, 0, 0, 0, 0, 0, 0, 0, 0, 0, 'E', 2),
('2016', '1', 'TPS55', '461304446', 0, 0, 0, 0, 0, 0, 0, 0, 0, 0, 0, 0, 0, 0, 'E', 2),
('2016', '1', 'TPS56', '461304370', 0, 0, 0, 0, 0, 0, 0, 0, 0, 0, 0, 0, 0, 0, 'E', 2),
('2016', '1', 'TPS56', '461304399', 0, 0, 0, 0, 0, 0, 0, 0, 0, 0, 0, 0, 0, 0, 'E', 2),
('2016', '1', 'TPS56', '461304434', 0, 0, 0, 0, 0, 0, 0, 0, 0, 0, 0, 0, 0, 0, 'E', 2),
('2016', '1', 'TPS57', '1461404654', 0, 0, 0, 0, 0, 0, 0, 0, 0, 0, 0, 0, 0, 0, 'E', 2),
('2016', '1', 'TPS57', '1461404674', 0, 0, 0, 0, 0, 0, 0, 0, 0, 0, 0, 0, 0, 0, 'E', 2),
('2016', '1', 'TPS57', '1461404715', 0, 0, 0, 0, 0, 0, 0, 0, 0, 0, 0, 0, 0, 0, 'E', 2),
('2016', '1', 'TPS58', '461304411', 0, 0, 0, 0, 0, 0, 0, 0, 0, 0, 0, 0, 0, 0, 'E', 2),
('2016', '1', 'TPS58', '461304413', 0, 0, 0, 0, 0, 0, 0, 0, 0, 0, 0, 0, 0, 0, 'E', 2),
('2016', '1', 'TPS58', '461304438', 0, 0, 0, 0, 0, 0, 0, 0, 0, 0, 0, 0, 0, 0, 'E', 2),
('2016', '1', 'TPS59', '461304151', 0, 0, 0, 0, 0, 0, 0, 0, 0, 0, 0, 0, 0, 0, 'E', 2),
('2016', '1', 'TPS59', '461304185', 0, 0, 0, 0, 0, 0, 0, 0, 0, 0, 0, 0, 0, 0, 'E', 2),
('2016', '1', 'TPS59', '461304201', 0, 0, 0, 0, 0, 0, 0, 0, 0, 0, 0, 0, 0, 0, 'E', 2),
('2016', '1', 'TPS60', '461304172', 0, 0, 0, 0, 0, 0, 0, 0, 0, 0, 0, 0, 0, 0, 'E', 2),
('2016', '1', 'TPS60', '461304182', 0, 0, 0, 0, 0, 0, 0, 0, 0, 0, 0, 0, 0, 0, 'E', 2),
('2016', '1', 'TPS60', '461304233', 0, 0, 0, 0, 0, 0, 0, 0, 0, 0, 0, 0, 0, 0, 'E', 2),
('2016', '1', 'TPS61', '461304275', 0, 0, 0, 0, 0, 0, 0, 0, 0, 0, 0, 0, 0, 0, 'E', 2),
('2016', '1', 'TPS61', '461304291', 0, 0, 0, 0, 0, 0, 0, 0, 0, 0, 0, 0, 0, 0, 'E', 2),
('2016', '1', 'TPS61', '461304302', 0, 0, 0, 0, 0, 0, 0, 0, 0, 0, 0, 0, 0, 0, 'E', 2),
('2016', '1', 'TPS62', '1461404923', 0, 0, 0, 0, 0, 0, 0, 0, 0, 0, 0, 0, 0, 0, 'E', 1),
('2016', '1', 'TPS62', '1461405053', 0, 0, 0, 0, 0, 0, 0, 0, 0, 0, 0, 0, 0, 0, 'E', 2),
('2016', '1', 'TPS62', '461203983', 0, 0, 0, 0, 0, 0, 0, 0, 0, 0, 0, 0, 0, 0, 'E', 2),
('2016', '1', 'TPS63', '1461404755', 0, 0, 0, 0, 0, 0, 0, 0, 0, 0, 0, 0, 0, 0, 'E', 2),
('2016', '1', 'TPS63', '1461404890', 0, 0, 0, 0, 0, 0, 0, 0, 0, 0, 0, 0, 0, 0, 'E', 2),
('2016', '1', 'TPS63', '461203904', 0, 0, 0, 0, 0, 0, 0, 0, 0, 0, 0, 0, 0, 0, 'E', 2),
('2016', '1', 'TPS64', '1461404830', 0, 0, 0, 0, 0, 0, 0, 0, 0, 0, 0, 0, 0, 0, 'E', 2),
('2016', '1', 'TPS64', '1461404869', 0, 0, 0, 0, 0, 0, 0, 0, 0, 0, 0, 0, 0, 0, 'E', 2),
('2016', '1', 'TPS64', '461304490', 0, 0, 0, 0, 0, 0, 0, 0, 0, 0, 0, 0, 0, 0, 'E', 2),
('2016', '1', 'TPS65', '1461404680', 0, 0, 0, 0, 0, 0, 0, 0, 0, 0, 0, 0, 0, 0, 'E', 2),
('2016', '1', 'TPS65', '1461404823', 0, 0, 0, 0, 0, 0, 0, 0, 0, 0, 0, 0, 0, 0, 'E', 2),
('2016', '1', 'TPS65', '1461404957', 0, 0, 0, 0, 0, 0, 0, 0, 0, 0, 0, 0, 0, 0, 'E', 2),
('2016', '1', 'TPS66', '461304423', 0, 0, 0, 0, 0, 0, 0, 0, 0, 0, 0, 0, 0, 0, 'E', 2),
('2016', '1', 'TPS66', '461304436', 0, 0, 0, 0, 0, 0, 0, 0, 0, 0, 0, 0, 0, 0, 'E', 2),
('2016', '1', 'TPS66', '461304451', 0, 0, 0, 0, 0, 0, 0, 0, 0, 0, 0, 0, 0, 0, 'E', 2),
('2016', '1', 'TPS67', '461203662', 0, 0, 0, 0, 0, 0, 0, 0, 0, 0, 0, 0, 0, 0, 'E', 2),
('2016', '1', 'TPS67', '461203906', 0, 0, 0, 0, 0, 0, 0, 0, 0, 0, 0, 0, 0, 0, 'E', 2),
('2016', '1', 'TPS67', '461304296', 0, 0, 0, 0, 0, 0, 0, 0, 0, 0, 0, 0, 0, 0, 'E', 2),
('2016', '1', 'TPS68', '461304153', 0, 0, 0, 0, 0, 0, 0, 0, 0, 0, 0, 0, 0, 0, 'E', 2),
('2016', '1', 'TPS68', '461304199', 0, 0, 0, 0, 0, 0, 0, 0, 0, 0, 0, 0, 0, 0, 'E', 2),
('2016', '1', 'TPS68', '461304229', 0, 0, 0, 0, 0, 0, 0, 0, 0, 0, 0, 0, 0, 0, 'E', 2),
('2016', '1', 'TPS69', '461203657', 0, 0, 0, 0, 0, 0, 0, 0, 0, 0, 0, 0, 0, 0, 'E', 2),
('2016', '1', 'TPS69', '461304476', 0, 0, 0, 0, 0, 0, 0, 0, 0, 0, 0, 0, 0, 0, 'E', 2),
('2016', '1', 'TPS69', '461304489', 0, 0, 0, 0, 0, 0, 0, 0, 0, 0, 0, 0, 0, 0, 'E', 2),
('2016', '1', 'TPS70', '1461426032', 0, 0, 0, 0, 0, 0, 0, 0, 0, 0, 0, 0, 0, 0, 'E', 2),
('2016', '1', 'TPS70', '461304190', 0, 0, 0, 0, 0, 0, 0, 0, 0, 0, 0, 0, 0, 0, 'E', 2),
('2016', '1', 'TPS70', '461304226', 0, 0, 0, 0, 0, 0, 0, 0, 0, 0, 0, 0, 0, 0, 'E', 2),
('2016', '1', 'TPS71', '461203807', 0, 0, 0, 0, 0, 0, 0, 0, 0, 0, 0, 0, 0, 0, 'E', 2),
('2016', '1', 'TPS71', '461203847', 0, 0, 0, 0, 0, 0, 0, 0, 0, 0, 0, 0, 0, 0, 'E', 2),
('2016', '1', 'TPS71', '461203870', 0, 0, 0, 0, 0, 0, 0, 0, 0, 0, 0, 0, 0, 0, 'E', 2),
('2016', '1', 'TPS72', '1461404927', 0, 0, 0, 0, 0, 0, 0, 0, 0, 0, 0, 0, 0, 0, 'E', 2),
('2016', '1', 'TPS72', '1461404953', 0, 0, 0, 0, 0, 0, 0, 0, 0, 0, 0, 0, 0, 0, 'E', 2),
('2016', '1', 'TPS72', '1461404954', 0, 0, 0, 0, 0, 0, 0, 0, 0, 0, 0, 0, 0, 0, 'E', 2),
('2016', '1', 'TPS73', '1461405019', 0, 0, 0, 0, 0, 0, 0, 0, 0, 0, 0, 0, 0, 0, 'E', 2),
('2016', '1', 'TPS73', '1461405028', 0, 0, 0, 0, 0, 0, 0, 0, 0, 0, 0, 0, 0, 0, 'E', 2),
('2016', '1', 'TPS73', '1461405051', 0, 0, 0, 0, 0, 0, 0, 0, 0, 0, 0, 0, 0, 0, 'E', 2),
('2016', '1', 'TPS74', '461304101', 0, 0, 0, 0, 0, 0, 0, 0, 0, 0, 0, 0, 0, 0, 'E', 2),
('2016', '1', 'TPS74', '461304120', 0, 0, 0, 0, 0, 0, 0, 0, 0, 0, 0, 0, 0, 0, 'E', 2),
('2016', '1', 'TPS74', '461304143', 0, 0, 0, 0, 0, 0, 0, 0, 0, 0, 0, 0, 0, 0, 'E', 2),
('2016', '1', 'TPS75', '461304285', 0, 0, 0, 0, 0, 0, 0, 0, 0, 0, 0, 0, 0, 0, 'E', 2),
('2016', '1', 'TPS75', '461304315', 0, 0, 0, 0, 0, 0, 0, 0, 0, 0, 0, 0, 0, 0, 'E', 2),
('2016', '1', 'TPS75', '461304355', 0, 0, 0, 0, 0, 0, 0, 0, 0, 0, 0, 0, 0, 0, 'E', 2),
('2016', '1', 'TPS76', '1461405018', 0, 0, 0, 0, 0, 0, 0, 0, 0, 0, 0, 0, 0, 0, 'E', 2),
('2016', '1', 'TPS76', '1461405026', 0, 0, 0, 0, 0, 0, 0, 0, 0, 0, 0, 0, 0, 0, 'E', 2),
('2016', '1', 'TPS76', '1461405036', 0, 0, 0, 0, 0, 0, 0, 0, 0, 0, 0, 0, 0, 0, 'E', 2),
('2016', '1', 'TPS77', '1461405042', 0, 0, 0, 0, 0, 0, 0, 0, 0, 0, 0, 0, 0, 0, 'E', 2),
('2016', '1', 'TPS77', '1461405046', 0, 0, 0, 0, 0, 0, 0, 0, 0, 0, 0, 0, 0, 0, 'E', 2),
('2016', '1', 'TPS77', '1461405052', 0, 0, 0, 0, 0, 0, 0, 0, 0, 0, 0, 0, 0, 0, 'E', 2),
('2016', '1', 'TPS78', '1461405021', 0, 0, 0, 0, 0, 0, 0, 0, 0, 0, 0, 0, 0, 0, 'E', 2),
('2016', '1', 'TPS78', '1461405049', 0, 0, 0, 0, 0, 0, 0, 0, 0, 0, 0, 0, 0, 0, 'E', 2),
('2016', '1', 'TPS78', '1461405050', 0, 0, 0, 0, 0, 0, 0, 0, 0, 0, 0, 0, 0, 0, 'E', 2),
('2016', '1', 'TPS79', '1461405043', 0, 0, 0, 0, 0, 0, 0, 0, 0, 0, 0, 0, 0, 0, 'E', 2),
('2016', '1', 'TPS79', '461304255', 0, 0, 0, 0, 0, 0, 0, 0, 0, 0, 0, 0, 0, 0, 'E', 2),
('2016', '1', 'TPS79', '461304295', 0, 0, 0, 0, 0, 0, 0, 0, 0, 0, 0, 0, 0, 0, 'E', 2),
('2016', '1', 'TPS80', '461304519', 0, 0, 0, 0, 0, 0, 0, 0, 0, 0, 0, 0, 0, 0, 'E', 2),
('2016', '1', 'TPS80', '461304533', 0, 0, 0, 0, 0, 0, 0, 0, 0, 0, 0, 0, 0, 0, 'E', 2),
('2016', '1', 'TPS80', '461304534', 0, 0, 0, 0, 0, 0, 0, 0, 0, 0, 0, 0, 0, 0, 'E', 2),
('2016', '1', 'TPS81', '461304530', 0, 0, 0, 0, 0, 0, 0, 0, 0, 0, 0, 0, 0, 0, 'E', 2),
('2016', '1', 'TPS81', '461304543', 0, 0, 0, 0, 0, 0, 0, 0, 0, 0, 0, 0, 0, 0, 'E', 2),
('2016', '1', 'TPS81', '461304563', 0, 0, 0, 0, 0, 0, 0, 0, 0, 0, 0, 0, 0, 0, 'E', 2),
('2016', '1', 'TPS82', '461304242', 0, 0, 0, 0, 0, 0, 0, 0, 0, 0, 0, 0, 0, 0, 'E', 2),
('2016', '1', 'TPS82', '461304260', 0, 0, 0, 0, 0, 0, 0, 0, 0, 0, 0, 0, 0, 0, 'E', 2),
('2016', '1', 'TPS82', '461304279', 0, 0, 0, 0, 0, 0, 0, 0, 0, 0, 0, 0, 0, 0, 'E', 2),
('2016', '1', 'TPS83', '461304239', 0, 0, 0, 0, 0, 0, 0, 0, 0, 0, 0, 0, 0, 0, 'E', 2),
('2016', '1', 'TPS83', '461304248', 0, 0, 0, 0, 0, 0, 0, 0, 0, 0, 0, 0, 0, 0, 'E', 2),
('2016', '1', 'TPS83', '461304273', 0, 0, 0, 0, 0, 0, 0, 0, 0, 0, 0, 0, 0, 0, 'E', 2);

-- --------------------------------------------------------

--
-- Table structure for table `tb_bimbingan`
--

CREATE TABLE IF NOT EXISTS `tb_bimbingan` (
  `thn_ajaran` char(4) NOT NULL,
  `smt` char(1) NOT NULL DEFAULT '1',
  `kode_kel` char(6) NOT NULL,
  `nou` tinyint(1) NOT NULL,
  `tgl` date NOT NULL,
  `uraian` text NOT NULL,
  `uraian_dosen` text,
  `validasi` tinyint(1) NOT NULL DEFAULT '0'
) ENGINE=InnoDB DEFAULT CHARSET=latin1;

--
-- Dumping data for table `tb_bimbingan`
--

INSERT INTO `tb_bimbingan` (`thn_ajaran`, `smt`, `kode_kel`, `nou`, `tgl`, `uraian`, `uraian_dosen`, `validasi`) VALUES
('2016', '1', 'TPS33', 1, '2016-11-07', '<ul><li>Menentukan modul masing di dalam kelompok 1 mahasiswa 3 modul</li><li>Total 9 modul dalam kelompok TPS 33</li><li>Menganalisa program inoerp <br><p><br></p></li></ul>', NULL, 0);

-- --------------------------------------------------------

--
-- Table structure for table `tb_dosen`
--

CREATE TABLE IF NOT EXISTS `tb_dosen` (
  `npp` char(15) NOT NULL,
  `nama` char(50) NOT NULL,
  `pwd` char(64) NOT NULL,
  `akses` tinyint(1) NOT NULL DEFAULT '0'
) ENGINE=InnoDB DEFAULT CHARSET=latin1;

--
-- Dumping data for table `tb_dosen`
--

INSERT INTO `tb_dosen` (`npp`, `nama`, `pwd`, `akses`) VALUES
('20460000513', 'Anton Breva Yunanda, ST., M.MT.', '20460000513', 1),
('20460030555', 'Muhamad Firdaus, ST., M.Kom', '20460030555', 1),
('20460110602', 'Supangat, SE.,S.Kom., M.M.Kom', '20460110602', 1),
('20460148501', 'Berlian Al Kindhi, S.ST., MT', '20460148501', 1),
('20460150648', 'Fridy Mandita, S.Kom., M.Sc', '20460150648', 1),
('20460150654', 'Agung Kridoyono, S.ST., MT', '20460150654', 1),
('20460150665', 'Ahmad Habib, S.Kom., MM', '20460150665', 1),
('20460150675', 'Agus Hermanto, S.Kom., M.MT', '20460150675', 1),
('20460150676', 'Anang Pramono, S.Kom., MM', '20460150676', 1),
('20460150687', 'Anis Rahmawati Amna, S.Kom., M.Kom., MBA', '20460150687', 1),
('20460150689', 'Enny Indasyah, S.ST., M.Sc', '20460150689', 1),
('20460160700', 'Aidil Primasetya Armin, S.ST., M.T.', '20460160700', 1),
('20460160702', 'Dwi Harini Sulistyowati, S.ST., M.T.', '20460160702', 1),
('20460160719', 'Bagus Hardiansyah, S.Kom., M.Si', '20460160719', 1),
('20460940401', 'Geri Kusnanto, S.Kom.,MM.', '20460940401', 1),
('20460950416', 'Ery Sadewa Yudha Wrahatnala, S.Kom., MM', '20460950416', 1),
('20460980502', 'Ir. Sugiono, MT', 'sgk', 2);

-- --------------------------------------------------------

--
-- Table structure for table `tb_jadwal`
--

CREATE TABLE IF NOT EXISTS `tb_jadwal` (
  `thn_ajaran` char(4) NOT NULL,
  `smt` char(1) NOT NULL DEFAULT '1',
  `kode_kel` char(6) NOT NULL,
  `ruang` char(5) DEFAULT NULL,
  `moderator` char(15) DEFAULT NULL,
  `penguji1` char(15) DEFAULT NULL,
  `penguji2` char(15) DEFAULT NULL,
  `validasi` tinyint(1) DEFAULT '0',
  `tgl` date DEFAULT NULL,
  `mulai` int(2) NOT NULL,
  `akhir` int(2) NOT NULL
) ENGINE=InnoDB DEFAULT CHARSET=latin1;

-- --------------------------------------------------------

--
-- Table structure for table `tb_kelompok`
--

CREATE TABLE IF NOT EXISTS `tb_kelompok` (
  `thn_ajaran` char(4) NOT NULL,
  `smt` char(1) NOT NULL DEFAULT '1',
  `kode_kel` char(6) NOT NULL,
  `npp` char(15) DEFAULT NULL,
  `judul` varchar(255) DEFAULT NULL,
  `proposal` varchar(255) DEFAULT NULL,
  `revisi` varchar(255) DEFAULT NULL,
  `validasi` tinyint(1) NOT NULL DEFAULT '0'
) ENGINE=InnoDB DEFAULT CHARSET=latin1;

--
-- Dumping data for table `tb_kelompok`
--

INSERT INTO `tb_kelompok` (`thn_ajaran`, `smt`, `kode_kel`, `npp`, `judul`, `proposal`, `revisi`, `validasi`) VALUES
('2016', '1', 'TPS01', '20460000513', NULL, NULL, NULL, 0),
('2016', '1', 'TPS02', '20460000513', NULL, NULL, NULL, 0),
('2016', '1', 'TPS03', '20460000513', NULL, NULL, NULL, 0),
('2016', '1', 'TPS04', '20460000513', NULL, NULL, NULL, 0),
('2016', '1', 'TPS05', '20460000513', NULL, NULL, NULL, 0),
('2016', '1', 'TPS06', '20460000513', NULL, NULL, NULL, 0),
('2016', '1', 'TPS07', '20460150665', NULL, NULL, NULL, 0),
('2016', '1', 'TPS08', '20460150665', NULL, NULL, NULL, 0),
('2016', '1', 'TPS09', '20460150665', 'TPS INOERP\r\n"eCommerce", "Inventory" dan" Forecast and planning"', NULL, NULL, 0),
('2016', '1', 'TPS10', '20460150665', NULL, NULL, NULL, 0),
('2016', '1', 'TPS11', '20460150665', NULL, NULL, NULL, 0),
('2016', '1', 'TPS12', '20460150675', NULL, NULL, NULL, 0),
('2016', '1', 'TPS13', '20460150675', NULL, NULL, NULL, 0),
('2016', '1', 'TPS14', '20460150675', NULL, NULL, NULL, 0),
('2016', '1', 'TPS15', '20460150675', NULL, NULL, NULL, 0),
('2016', '1', 'TPS16', '20460150654', NULL, NULL, NULL, 0),
('2016', '1', 'TPS17', '20460150654', NULL, NULL, NULL, 0),
('2016', '1', 'TPS18', '20460150654', NULL, NULL, NULL, 0),
('2016', '1', 'TPS19', '20460150654', NULL, NULL, NULL, 0),
('2016', '1', 'TPS20', '20460150676', NULL, NULL, NULL, 0),
('2016', '1', 'TPS21', '20460150676', NULL, NULL, NULL, 0),
('2016', '1', 'TPS22', '20460150676', NULL, NULL, NULL, 0),
('2016', '1', 'TPS23', '20460150676', NULL, NULL, NULL, 0),
('2016', '1', 'TPS24', '20460150676', NULL, NULL, NULL, 0),
('2016', '1', 'TPS25', '20460150687', NULL, NULL, NULL, 0),
('2016', '1', 'TPS26', '20460150687', NULL, NULL, NULL, 0),
('2016', '1', 'TPS27', '20460150687', NULL, NULL, NULL, 0),
('2016', '1', 'TPS28', '20460150687', NULL, NULL, NULL, 0),
('2016', '1', 'TPS29', '20460148501', NULL, NULL, NULL, 0),
('2016', '1', 'TPS30', '20460148501', NULL, NULL, NULL, 0),
('2016', '1', 'TPS31', '20460148501', NULL, NULL, NULL, 0),
('2016', '1', 'TPS32', '20460148501', NULL, NULL, NULL, 0),
('2016', '1', 'TPS33', '20460148501', NULL, NULL, NULL, 0),
('2016', '1', 'TPS34', '20460148501', NULL, NULL, NULL, 0),
('2016', '1', 'TPS35', '20460150689', NULL, NULL, NULL, 0),
('2016', '1', 'TPS36', '20460150689', 'Implementasi inoERP dalam penjualan, pembelian, dan inventory', NULL, NULL, 0),
('2016', '1', 'TPS37', '20460150689', NULL, NULL, NULL, 0),
('2016', '1', 'TPS38', '20460150689', NULL, NULL, NULL, 0),
('2016', '1', 'TPS39', '20460950416', NULL, NULL, NULL, 0),
('2016', '1', 'TPS40', '20460950416', NULL, NULL, NULL, 0),
('2016', '1', 'TPS41', '20460950416', NULL, NULL, NULL, 0),
('2016', '1', 'TPS42', '20460950416', NULL, NULL, NULL, 0),
('2016', '1', 'TPS43', '20460950416', 'Sistem Informasi Penjualan Agen Pupuk', NULL, NULL, 0),
('2016', '1', 'TPS44', '20460950416', NULL, NULL, NULL, 0),
('2016', '1', 'TPS45', '20460150648', NULL, NULL, NULL, 0),
('2016', '1', 'TPS46', '20460150648', NULL, NULL, NULL, 0),
('2016', '1', 'TPS47', '20460150648', NULL, NULL, NULL, 0),
('2016', '1', 'TPS48', '20460150648', NULL, NULL, NULL, 0),
('2016', '1', 'TPS49', '20460940401', NULL, NULL, NULL, 0),
('2016', '1', 'TPS50', '20460940401', NULL, NULL, NULL, 0),
('2016', '1', 'TPS51', '20460940401', NULL, NULL, NULL, 0),
('2016', '1', 'TPS52', '20460940401', NULL, NULL, NULL, 0),
('2016', '1', 'TPS53', '20460940401', NULL, NULL, NULL, 0),
('2016', '1', 'TPS54', '20460940401', NULL, NULL, NULL, 0),
('2016', '1', 'TPS55', '20460030555', 'Modul pada InoERP 0.51', NULL, NULL, 0),
('2016', '1', 'TPS56', '20460030555', NULL, NULL, NULL, 0),
('2016', '1', 'TPS57', '20460030555', NULL, NULL, NULL, 0),
('2016', '1', 'TPS58', '20460030555', NULL, NULL, NULL, 0),
('2016', '1', 'TPS59', '20460030555', NULL, NULL, NULL, 0),
('2016', '1', 'TPS60', '20460030555', NULL, NULL, NULL, 0),
('2016', '1', 'TPS61', '20460980502', NULL, NULL, NULL, 0),
('2016', '1', 'TPS62', '20460980502', NULL, NULL, NULL, 0),
('2016', '1', 'TPS63', '20460980502', NULL, NULL, NULL, 0),
('2016', '1', 'TPS64', '20460980502', 'Inventory, Asset Maintenance, Fixed Asset.\r\nSales and Distribution, Ecommerce, Service Help Desk, Inventory.\r\nBill Of Material, Account Receivable, General Ledger.', NULL, NULL, 0),
('2016', '1', 'TPS65', '20460980502', 'Inventory, Asset Maintenance, Fixed Asset. Sales and Distribution, Ecommerce, Inventory. Bill Of Material, Account Receivable, General Ledger.', NULL, NULL, 0),
('2016', '1', 'TPS66', '20460980502', NULL, NULL, NULL, 0),
('2016', '1', 'TPS67', '20460110602', NULL, NULL, NULL, 0),
('2016', '1', 'TPS68', '20460110602', NULL, NULL, NULL, 0),
('2016', '1', 'TPS69', '20460110602', NULL, NULL, NULL, 0),
('2016', '1', 'TPS70', '20460110602', NULL, NULL, NULL, 0),
('2016', '1', 'TPS71', '20460110602', 'Analisa dan Perancangan Sistem InoERP Human Resource dan Cost Management Modul', NULL, NULL, 0),
('2016', '1', 'TPS72', '20460160700', NULL, NULL, NULL, 0),
('2016', '1', 'TPS73', '20460160700', NULL, NULL, NULL, 0),
('2016', '1', 'TPS74', '20460160700', 'Perancangan Sistem Informasi Penjualan', NULL, NULL, 0),
('2016', '1', 'TPS75', '20460160700', NULL, NULL, NULL, 0),
('2016', '1', 'TPS76', '20460160719', NULL, NULL, NULL, 0),
('2016', '1', 'TPS77', '20460160719', NULL, NULL, NULL, 0),
('2016', '1', 'TPS78', '20460160719', NULL, NULL, NULL, 0),
('2016', '1', 'TPS79', '20460160719', NULL, NULL, NULL, 0),
('2016', '1', 'TPS80', '20460160702', NULL, NULL, NULL, 0),
('2016', '1', 'TPS81', '20460160702', NULL, NULL, NULL, 0),
('2016', '1', 'TPS82', '20460160702', NULL, NULL, NULL, 0),
('2016', '1', 'TPS83', '20460160702', '\r\n', NULL, NULL, 0);

-- --------------------------------------------------------

--
-- Table structure for table `tb_mhs`
--

CREATE TABLE IF NOT EXISTS `tb_mhs` (
  `nbi` char(10) NOT NULL,
  `nama` char(30) NOT NULL,
  `pwd` char(64) NOT NULL,
  `email` char(64) DEFAULT NULL,
  `akses` tinyint(1) NOT NULL DEFAULT '9'
) ENGINE=InnoDB DEFAULT CHARSET=latin1;

--
-- Dumping data for table `tb_mhs`
--

INSERT INTO `tb_mhs` (`nbi`, `nama`, `pwd`, `email`, `akses`) VALUES
('1461404654', 'Febriya Diyah Safitri', '130296', 'febriyadiyah@gmail.com', 1),
('1461404674', 'Linda Novita Sari', '203222', 'novitalinda22@gmail.com', 1),
('1461404680', 'Anang Dwi Rismawan', '191195', 'anangkira@gmail.com', 1),
('1461404715', 'Rany Kurnia Sari', '124894', 'ranyrks@gmail.com', 1),
('1461404755', 'Yusuf Putra Anugrah', 'lenovo', 'yusufpa97@gmail.com', 1),
('1461404764', 'SITI MAGFIROH', '281670', 'chuter081212@gmail.com', 1),
('1461404783', 'Fahira Zahrotul Maulidiyah', 'Akuira', 'fahirazm25@gmail.com', 1),
('1461404788', 'Martafina Natalia Takdare', '179313', 'martafinanatalia60@gmail.com', 1),
('1461404792', 'DEVI ANGGRAENI', '239329', 'deviiianggraeni@gmail.com', 1),
('1461404793', 'Rizkyadi Saputra', '157937', 'rizkyadioutsider@gmail.com', 1),
('1461404803', 'Ferry Chandra Sunarto', 'darkfallen7', 'ferrychandras@gmail.com', 1),
('1461404823', 'Dian Oktavia Subagias Tutik', 'rista1819', 'dianoktaviast19@gmail.com', 1),
('1461404827', 'Dita Savitri', '12031996', 'ditasavitri3@gmail.com', 1),
('1461404830', 'Arika Ramadini', 'arikacantik', 'arikaramadini96@gmail.com', 1),
('1461404841', 'Eko Suheriyanto', 'b1smilah', 'ekosuher47@gmail.com', 1),
('1461404844', 'GANIS NAHAYU DWI RISWENDA', '691996', 'ganisriswenda96@gmail.com', 1),
('1461404857', 'Putri Ari Widiya Ningsih', '150595', 'putri.ari.widiya.n@gmail.com', 1),
('1461404861', 'B''tary Agatha Meidy', 'btary12345', 'btaryagathameidy@gmail.com', 1),
('1461404865', 'Muvidelvin Suraida', '13121995', 'muvidelvinsuraida@gmail.com', 1),
('1461404869', 'Nadia Maharani', '1461404869', 'nadiamaharani1@gmail.com', 1),
('1461404876', 'Ade Oktaviani', 'adeoktvn', 'Adeoktvn@gmail.com', 1),
('1461404888', 'Widia Risthi', '23232323', 'wristhi@gmail.com', 1),
('1461404889', 'DWIKA LOVITASARI YONIA', '203377', 'dwika.lovitasari.yonia@gmail.com', 1),
('1461404890', 'Fitri Nurhayati', '1461404890', 'fitri_nurhayati93@yahoo.co.id', 1),
('1461404897', 'Yuan Eko Prasetyo', '180514', 'yuaneko95@gmail.com', 1),
('1461404901', 'Citra Devi Arianti', 'S4nd4Lcitra', 'c261081@gmail.com', 1),
('1461404903', 'Yatim Rahman', 'analisa94', 'liveyatimz@gmail.com', 1),
('1461404906', 'Fatkhur Rochman', '119952', 'rochman003@gmail.com', 1),
('1461404910', 'Pratiwi Auliya', '309830', 'pratiwiauliya19@gmail.com', 1),
('1461404911', 'Martin Dwiky Setiawan', 'juju9090', 'martindwiky06@gmail.com', 1),
('1461404912', 'Muhammad Rizky Darmawan', 'indonesia', 'rizkygooners11@gmail.com', 1),
('1461404913', 'Faiz Nahroni', 'nahroni', 'faisnahroni@gmail.com', 1),
('1461404914', 'Rina Munik Aprilia K', '307279', 'Rinaa409@gmail.com', 1),
('1461404916', 'Auliah Novianti', '240395', 'aulianovianti07@gmail.com', 1),
('1461404917', 'Mochamad Sayid Ibnu Yahya', 'ibnu971', 'ibnu290396@gmail.com', 1),
('1461404918', 'Aditya Zaadur Rizqi', '184690', 'adityazdrr@gmail.com', 1),
('1461404919', 'Moh. Khusain', '345671', 'mhosenm7@gmail.com', 1),
('1461404923', 'Mohammad Yazed Arrofiqi', '258194', 'myazed17@gmail.com', 1),
('1461404927', 'Misbach Surury', 'misba1994', 'misbadjuri@gmail.com', 1),
('1461404930', 'Linda Ayu Niswatin', '333002', 'lindaayuniswatin2@gmail.com', 1),
('1461404932', 'Albert Wattimena', '1461404932', NULL, 9),
('1461404937', 'Muhammad Nur Cahyo', 'junior', 'prime.nurcahyo@gmail.com', 1),
('1461404947', 'Ratna Aprilia Hastuti', '189629', 'raahn27@gmail.com', 1),
('1461404953', 'Awang Bagus Permadi', 'sucinanda', 'sucinanda72@gmail.com', 1),
('1461404954', 'Anggi Surya Pramana', 'suryaanggi', 'anggisurya02@gmail.com', 1),
('1461404957', 'Wahyu Bhekti Pertiwi', '21121995', 'wahyubp12@gmail.com', 1),
('1461404958', 'Axel Aziz Erino', 'qwerty01', 'axel.aziz@gmail.com', 1),
('1461404961', 'Satrio Utomo', 'esteriout', 'stryo96@gmail.com', 1),
('1461404962', 'Hidayati Renita Putri', 'renit495', 'pu2t.renit4@gmail.com', 1),
('1461404973', 'Ikko Satrio Yulian Dwi Rahad', 'PANGSIT', 'ikkosatrio0@gmail.com', 1),
('1461405018', 'MUHAMAD YASIN', '1461405018', 'arsyilyasin@gmail.com', 1),
('1461405019', 'Arifah Nur Ainia', '890385', 'arifah.nur.ainia@gmail.com', 1),
('1461405021', 'Ramadhan', 'gage95rama', 'ardan26bima@gmail.com', 1),
('1461405023', 'Danang Pradita', '181803', 'danangpraditya@gmail.com', 1),
('1461405024', 'Reinhardman', '1461405024', NULL, 9),
('1461405026', 'Mokhamad Ismail', '0318544324', 'mochi_smail@yahoo.co.id', 1),
('1461405027', 'Miftakhul Lukman', '200274', 'miftakhul.fd@gmail.com', 1),
('1461405028', 'YANTI ESTER KARSAU', '010996', 'yanti.karsau@gmail.com', 1),
('1461405036', 'M Vikki Zaenrani Alvian', '1461405036', 'pickyaselole@gmail.com', 1),
('1461405038', 'SHOFIYATUR ROHMAH', '325064', 'shofiyatur14@gmail.com', 1),
('1461405042', 'Bagaskara Putra Dewangga', '1461405042', 'dewanggaangga27@gmail.com', 1),
('1461405043', 'M. Bagoes Permana Budi', '123456789', 'bagoespermanabudi@gmail.com', 1),
('1461405046', 'Robby Laksono', '1461405046', 'robbylaksono85.rl@gmail.com', 1),
('1461405049', 'JAYA RADIMAN', '328514', 'jayuz.96@gmail.com', 1),
('1461405050', 'Muhammad Syaifur Rizal', '1461405050', 's01011996r@gmail.com', 1),
('1461405051', 'Made Adgussunyana', 'makprut', 'dekokek@gmail.com', 1),
('1461405052', 'Herin Patrio Perwira Dhika', 'patria5052', 'herinpatriaperwira@gmail.com', 1),
('1461405053', 'MUCHAMAD CABA ANSORI', 'caba130594', 'muhammadcaba@gmail.com', 1),
('1461426022', 'AHMAD ATHIQUL AFFAN', 'qwerty321', 'a3.affan@outlook.com', 1),
('1461426032', 'Ayi Sopiandi', 'ayi123', 'ayisoftg@gmail.com', 1),
('461103337', 'Dewa Putu Satya W', 'satyam', 'Satyam_sivamsundaram@yahoo.co.id', 1),
('461103343', 'Miftachuts Tsani S', 'miftachuts', 'boy.tsani@gmail.com', 1),
('461103346', 'MOH FARID ASSIDIK', 'farid', 'Fijakom@gmail.com', 1),
('461103381', 'ALFIN BAGAS ARWANDA', '461103381', NULL, 9),
('461103393', 'Ferry Setiawan', '461103393', NULL, 9),
('461103553', 'M. Mardan Zahiduz Zakka', 'fardanzakka', 'fardan.zakka@gmail.com', 1),
('461103627', 'LICGA RIZE AGUS W.', '170892', 'Ligarize5@gmail.com', 1),
('461203657', 'GURUH GILANG ARINTA', 'GALIEH10', 'goroglng@gmail.com', 1),
('461203662', 'Noli Adresna Boki', '461203662', 'killernoli@yahoo.com', 1),
('461203680', 'MASRIFAH', '461203680', NULL, 9),
('461203691', 'ELISA CHARISMA BALUBUN', 'cavs2230', 'Ellforzman@gmail.com', 1),
('461203727', 'Alan Meoola Sountani', '461203727', NULL, 9),
('461203739', 'YUDHA PRASETYA', 'deathrock', 'black.id111@gmail.com', 1),
('461203740', 'Dody Irawan', 'klewer94', 'dodyirawan25@gmail.com', 1),
('461203763', 'LANCONG SOARUBUN', '461203763', 'lsoarubun@gmail.com', 1),
('461203764', 'Ichsan Budiarto', 'unholy66', 'ichsannakama@gmail.com', 1),
('461203792', 'Riski Septian Kurniawan', '461203792', NULL, 9),
('461203801', 'Andri Krisna Ardiansyah', 'rahmani09', 'dhrie.ardians@gmail.com', 1),
('461203807', 'Rizky Nur Mafudin', 'r3v1np34c3', 'rizkynurmahfudin@gmail.com', 1),
('461203808', 'AHMAD ICSAN', '461203808', NULL, 9),
('461203813', 'Irfat Fahrudin Rahmawan', '461203813', NULL, 9),
('461203829', 'Andrie Lingga Febriansyah', '461203829', NULL, 9),
('461203847', 'Imam Fatkhur Rozi', 'rozi123', 'Rozyalone1@gmail.com', 1),
('461203862', 'M. Fariz Firmansyah', 'oktober19', 'dckmnfrz@gmail.com', 1),
('461203865', 'Ari Putra Sakti', '461203865', NULL, 9),
('461203870', 'Romy Vergyano Surya Arifka', 'arifka', 'romy.vergyano@gmail.com', 1),
('461203888', 'Muhamad Rizky Adi Maulana', '50096', 'riskiadi24@gmail.com', 1),
('461203904', 'Triaswaty Amelia Limbong', '461203904', 'triaswatyamelia@gmail.com', 1),
('461203906', 'Octavia Hutagalung', '461203906', 'octaviahutagalung@yahoo.co.id', 1),
('461203983', 'SEPTIN BAITAL MURWATI', '060992', 'septinbay@gmail.com', 1),
('461203990', 'TRI APRIYANTO', 'three3nova', 'tri_apriyanto15@yahoo.co.id', 1),
('461304080', 'Hexsa Tama Pamungkas', 'sebelas', 'tamahexsa@gmail.com', 1),
('461304082', 'RR. YULIATY DWI PRAMESWARI', '461304082', 'Prameswariri93@gmail.com', 1),
('461304085', 'Mochamad Didin Yugo Pratama', '44509', 'didindidin69@gmail.com', 1),
('461304086', 'Muhammad Irfan', 'nbubnvx', 'Irfansagopan@gmail.com', 1),
('461304087', 'Avin Bastian', 'avintamvan', 'avinbastian777@gmail.com', 1),
('461304088', 'Muhammad Nafi Alfanthariq', 'core2duo', 'naffripperz@gmail.com', 1),
('461304090', 'M. Fahrizal', '25737', 'Fahryzal77@gmail.com', 1),
('461304092', 'Yoseph Susanto', 'slowbutsure', 'siejoeseph@gmail.com', 1),
('461304094', 'Muhammad Sofiullah S', 't3knologi', 'muhammadsofiullah@outlook.com', 1),
('461304095', 'Muchamad Fauzi', 'fauzy123', 'much.fauzy@gmail.com', 1),
('461304097', 'Kunto Wibisono', 'BismillaH89', 'mr.kuntowibisono@gmail.com', 1),
('461304098', 'Muhammad Toyib', '123456', 'Muhammadtoyibriski@gmail.com', 1),
('461304099', 'Andhitama Ruspriaji', 'andhi123', 'andhitamaruspriaji@gmail.com', 1),
('461304101', 'Akhmad Afandik', 'Digiware', 'fandy.pisces.fp@gmail.com', 1),
('461304103', 'Ahmad Fikri Fauzi', 'dukuhkupang', 'vickry14@gmail.com', 1),
('461304105', 'Ali Yafi Wahyu Aprian', '461304105', 'aliyafiwahyua06@gmail.com', 1),
('461304107', 'Ari Zulkarnain Pulungan', 'pulungan', 'arizulkarnain22@gmail.com', 1),
('461304108', 'Rudi Dwi Avianto', '461304108', 'Rudi.dwi.avianto@gmail.com', 1),
('461304111', 'Daniel Anthony Subianto', '1234', 'umamdealova@gmail.com', 1),
('461304112', 'Novita Wahyu Ningtyas', 'novita', 'novitawahyuningtyas91@gmail.com', 1),
('461304114', 'Setyawan Abdi Putranto', '25062011', 'Setyawaniwan69@gmail.com', 1),
('461304120', 'Puguh Handoko Hari Duta', 'puguh4120', 'masivkillms@yahoo.com', 1),
('461304122', 'Sandi Wijaya Kusuma', 'kusuma12', 'sandiwijaya54@gmail.com', 1),
('461304123', 'Hermanto Yehezkiel Aprianus Ra', '63926', 'rau.yehezkiel@gmail.com', 1),
('461304125', 'Khotibul Umam', '89901', 'umamdealova@gmail.com', 1),
('461304132', 'Istika Narwani', '19193', 'Tika.permata2708@gmail.com', 1),
('461304136', 'Benny Gunawan', '461304136', 'gunawanfencer@gmail.com', 1),
('461304138', 'Firman Harlianto', 'loveblue19', 'firemegz19@gmail.com', 1),
('461304140', 'Pramita', 'pramita13', 'Pramitamita@gmail.com', 1),
('461304143', 'Mochamad Rizki Adi Perdana', 'sepanjang39', 'rizkiadiper@gmail.com', 1),
('461304147', 'Muhamad Machsum Ibrahim', '25475', 'machsum.ti@gmail.com', 1),
('461304148', 'Setyasa Yoga Hastatama', '461304148', 'Setyasayoga@gmail.com', 1),
('461304151', 'Syahtya Dwi Prakoso', 'Dprasya21', 'syahtya@gmail.com', 1),
('461304153', 'Septian Dwi Sputro', '08388', 'septiandwisaputra72@gmail.com', 1),
('461304159', 'EKA PUTRI YANTY UTAMI', '787878', 'Ekaputri537@gmail.com', 1),
('461304162', 'M. Aditya Anandika. P', '471304162', 'adityaanandika@gmail.com', 1),
('461304168', 'Mochammad Ircham', 'ircham123', 'mochircham21@gmail.com', 1),
('461304172', 'Nur Ma''ania', 'nurmaania', 'nurmaania644@gmail.com', 1),
('461304173', 'Dian Anjar Putri', '461304173', 'Dian2jarputri@gmail.com', 1),
('461304174', 'Wahyudi Teguh Wibowo', 'panji225', 'wahyuditeguhwibowo1@gmail.com', 1),
('461304177', 'Syamsul Huda', '111111', 'Hudasyamsulll@gmail.com', 1),
('461304179', 'Liztrianto Pujo Hardhiko', '18692', 'liztriant@gmail.com', 1),
('461304181', 'Achmad Rizal Prasetyo', '461304181', 'rizalprasetyo18@gmail.com', 1),
('461304182', 'Ahmad Sakir', 'sakir012', 'ahmadsakir88@yahoo.com', 1),
('461304185', 'Moch. Hasin Aiynun Najib', '28429', 'ainunajieb@gmail.com', 1),
('461304188', 'WAHYU SETYA BUDI', 'banghaji', 'Wahyu.shipz@gmail.com', 1),
('461304190', 'Titis Prihardini', '461304190', 'titis_prihardini@yahoo.com', 1),
('461304199', 'Demianus Immanuel Kelabora', 'hadisal', 'Denniskela86@gmail.com', 1),
('461304201', 'Husni Mubaroq', '09011995', 'husnialquraish@gmail.com', 1),
('461304202', 'Jarot Bangun Purnomo', '8551311', 'jarotbangunp@gmail.com', 1),
('461304203', 'Jems Sairo Lado', '12345', 'jemslado2112@gmail.com', 1),
('461304206', 'Raditya Fajar Cahyanto', '461304206', 'radityafajarcahyanto123@yahoo.co.id', 1),
('461304209', 'Mauren Dea Setianingrum', '241094', 'maurendea@gmail.com', 1),
('461304211', 'Yoga Setya Pribadi', '4l4yb3ud', 'yogapribadi79@gmail.com', 1),
('461304214', 'Duwi Purwati', '461304214', 'dwipurwati058@gmail.com', 1),
('461304223', 'Moch Reza Causar', 'reza', 'rezacausar@gmail.com', 1),
('461304225', 'Windyatama Marfika Ningrum', 'surajitutik', 'windyatama95@gmail.com', 1),
('461304226', 'Taufiqurrahman', '802386', 'punyatopq@gmail.com', 1),
('461304228', 'ADE MUSTIKA WHILDAINI', 'password354', 'ademustika31354@gmail.com', 1),
('461304229', 'Tohok Maulana', 'temenanaku', 'tohokm@yahoo.com', 1),
('461304233', 'Vano Yordan Pranata', 'vanoyor', 'vano_11ipa1@yahoo.com', 1),
('461304236', 'Andrean Firmansyah Putra', '32387', 'andrean9103@gmail.com', 1),
('461304238', 'Yacob Christian Boling', '41LOVEcom', 'bolingyacob@gmail.com', 1),
('461304239', 'Ardhi Setiadhi', 'celia921', 'disetiadhi@gmail.com', 1),
('461304241', 'Elinda Dwi Pratiwi', 'akurapopo', 'elindahdwi@gmail.com', 1),
('461304242', 'RUDIYANTO', '53137', 'rudy.ankers@gmail.com', 1),
('461304243', 'Rihvan Adimulyo', '19958', 'rihvanadimulyo1895@gmail.com', 1),
('461304244', 'Yoga Setiya', '01073', 'yogasetiya@gmail.com', 1),
('461304248', 'Teguh Febriansyah Edfandi', 'izanagi', 'Teguhf825@gmail.com', 1),
('461304250', 'Andy Tiek Han Sagita', 'andyroid44', 'kang.andy95@gmail.com', 1),
('461304253', 'M. ZULI TRIYANTO', '37286', 'zuli.triyanto@gmail.com', 1),
('461304255', 'Muhammad Tahir', 'boas99', 'prisonerofazkaban1994@gmail.com', 1),
('461304256', 'Ismaul Nur Malini', '123abcdeY', 'nurmalini46@gmail.com', 1),
('461304260', 'Dede Prakoso', '4260', 'dedeprakoso25@gmail.com', 1),
('461304271', 'Tjatur Soesanto', 'santo12345', 'Soesantotjatur@gmail.com', 1),
('461304273', 'Hadi Sopyan Alimun Toha', '260495', 'hadisopyan03@gmail.com', 1),
('461304275', 'Ainur Rofiq', '23281', 'ainurrofiq4275@gmail.com', 1),
('461304278', 'Ari Setyawan', 'tps123', 'aritrueblue@gmail.com', 1),
('461304279', 'Ni''matus Sholikhin', 'likhin0810', 'likhin0810@gmail.com', 1),
('461304281', 'Haris Dwi Febrianto', 'chuaryzt', 'Harisdwifebrianto@gmail.com', 1),
('461304283', 'Raden Decio Yustito S', 'radex008', 'radexsansoethan08@gmail.com', 1),
('461304285', 'Ahmad Musyafak Latif', '000111', 'ahmad.mazdajatim@gmail.com', 1),
('461304291', 'Surcahyono', '123456', 'surcahyono@yahoo.com', 1),
('461304295', 'Septiono Arifin', 'cintaygsia', 'uchihaarif163@yahoo.com', 1),
('461304296', 'Ashri Sanastri Wangi', 'anagi2104', 'astisanastri@gmail.com', 1),
('461304302', 'Abdul Muhaimin', 'finta', 'abdul.rossoneri@gmail.com', 1),
('461304315', 'Fahri Ermansyah', '53114', 'pahriermansyah@gmail.com', 1),
('461304332', 'Fatimiyah islamy', 'mia12121994', 'islamy.fatimiyah@gmail.com', 1),
('461304335', 'Ahmad Toriqur Rizqi', 'bismillah', 'atrizqi@gmail.com', 1),
('461304342', 'Risky Aditya Mahardani', '67584', 'Riskyaditya327@gmail.com', 1),
('461304347', 'Widya Wahyu Utomo', '461304347', 'widyawahyuutomo@gmail.com', 1),
('461304348', 'Mochammad Anta Romadon', '461304348', 'antaromadhon96@gmail.com', 1),
('461304355', 'Nurul Arifin', '04121992', 'arifin.faal@gmail.com', 1),
('461304359', 'Ida Ratnasari', '09051015', 'idaratnasari44@gmail.com', 1),
('461304360', 'Ayub Pujo Utomo Daniel', '3105', 'ayubsevima@yahoo.com', 1),
('461304370', 'Lely Suciyani', '03021995', 'lelyscyn@gmail.com', 1),
('461304371', 'Titin Widya Wati', '20122014', 'titin.widy@gmail.com', 1),
('461304372', 'Yandri Adisaputro Tapilaha', '50312yth95', 'yandrigezta@gmail.com', 1),
('461304379', 'Erfan Hermansyah', '461304379', 'erfanhermansyah39@gmail.com', 1),
('461304380', 'Maria Yuliana Putriani Diaz', 'tuhanyesus', 'putrydiaz10@gmail.com', 1),
('461304382', 'HENDRIKUS WAJON KOTEN', 'dotcom', 'Iwanirgall@gmail.com', 1),
('461304383', 'Annas Faudzy', '44094', 'ans_fauzi@yahoo.co.id', 1),
('461304385', 'Zaenal Abidin', '260794', 'bidin6167@gmail.com', 1),
('461304386', 'Moch. Salli', '23423', 'm.sello106@gmail.com', 1),
('461304387', 'Raka Bangun Pribadi', '19071995', 'Rakabangunp@gmail.com', 1),
('461304388', 'Ali Imron', 'smarter', 'the_all90@yahoo.com', 1),
('461304394', 'Muh. Amirullihsan', '461304394', 'muh.amirullihsan2101@gmail.com', 1),
('461304398', 'Aldanis Lucky Rindjiandana', 'dessykur6', 'aldanisrindjiandana@gmail.com', 1),
('461304399', 'Ichsan Ahmad Tazidin', 'an0107p', 'ichsan2095@gmail.com', 1),
('461304400', 'Erwin Arif Jaya Wardhana', 'erwin12', 'arifwardana12@gmail.com', 1),
('461304407', 'Yohan Arif Kurnian', '06061994', 'yarifkurnian@yahoo.co.id', 1),
('461304411', 'Tiyok Arif Purwanto', 'tekan1enter', 'tiyok213@gmail.com', 1),
('461304413', 'Rickhy Siswanto', '250694', 'rickhysiswanto@gmail.com', 1),
('461304415', 'ARRYANGGA ALIEV PRATAMAPUTRA', '123456789', 'ganisriswenda96@gmail.com', 1),
('461304423', 'Syariful Muharrom', 'tps07', 'arikplayer@gmail.com', 1),
('461304427', 'M. MIFTACH AYIB FANANI', '18Juli1995', 'ayibfanani@gmail.com', 1),
('461304429', 'Bekti Hari Wibowo', '461304429', 'bektihariwibowo@gmail.com', 1),
('461304432', 'AHMAD WASI''', '03889', 'acix1625@gmail.com', 1),
('461304433', 'Edo Katon Setiawan', '72443', 'edokaton@gmail.com', 1),
('461304434', 'Conny Ahmad Syihab', '24695', 'connieahmad5@gmail.com', 1),
('461304435', 'Rizki Ma''arif', '123456789', 'rizkimaarif96@yahoo.com', 1),
('461304436', 'Ahmad Fathir', 'muslimah', 'fathirahmad92@gmail.com', 1),
('461304437', 'DIO PRATHAMA HOETOMO', 'diowew', 'kazuki.dio21@gmail.com', 1),
('461304438', 'Moh. Rofi''ul Anam', 'akulizah', 'rofiulannam@gmail.com', 1),
('461304446', 'Ahmad Abdianto', 'mb3nunkaja', 'mbenunk.abdi@gmail.com', 1),
('461304448', 'Lilyanto Sam', '34444', 'Lilyantos@yahoo.com', 1),
('461304451', 'Nuril Anwar', 'masukwae', 'nurilanwar43@gmail.com', 1),
('461304457', 'Faris Dwi Febrian Putra', '12345', 'umamdealova@gmail.com', 1),
('461304460', 'Ayu Kusumaningtyas', '461304460', 'ayukusumaningtyas2995@gmail.com', 1),
('461304462', 'Arif Rochman Putra Utama', '461304462', 'bulanbintang20113@gmail.com', 1),
('461304466', 'Andik Prabowo', '461304466', 'andik.fontaine@gmail.com', 1),
('461304469', 'Ahmad Debi Pramudi', 'loveyohan', 'rizkimaarif69@gmail.com', 1),
('461304475', 'Muhamad Muslih', '461304475', 'muhamad.muslih4475@gmail.com', 1),
('461304476', 'M. Choiril Anam', 'sctvngetop', 'breathajib@gmail.com', 1),
('461304484', 'Yudi Aprilliya', '90601', 'apr.yudi@gmail.com', 1),
('461304487', 'Rakhman Dananjaya', 'dj12345', 'danank.proff@gmail.com461304487', 1),
('461304489', 'Deva Akbar Munianggara', 'Devaztator3', 'deva_ztator@yahoo.com', 1),
('461304490', 'Anafiatul Munawaroh', 'ana123', 'anafiatulmunawwaroh@gmail.com', 1),
('461304492', 'Cholidun Ahmad Sidiq', '461304492', 'sidiqsasuke@gmail.com', 1),
('461304511', 'Wildan Aunur Rohim', 'master159', 'wildanjevenredy@gmail.com', 1),
('461304512', 'Kushayadi', 'virgo140986', 'kush4512@yahoo.co.id', 1),
('461304514', 'RIZKY MAULIDA WIRATASA', '38078', 'siiekiie12@gmail.com', 1),
('461304519', 'Friska Setya Pratiwi', '79894', 'Friskasetya.pratiwi@gmail.com', 1),
('461304520', 'Aan Subarkah', 'jayapura', 'aansubarkah@gmail.com', 1),
('461304521', 'Abdul Rozaq Muchtarom', '461304521', 'abdulrozaqmuchtarom@gmail.com', 1),
('461304523', 'MOCHAMMAD KEVIN ALDINOVA', '01181', 'kevinaldinova@gmail.com', 1),
('461304530', 'PUTRI APRILIANI', '030495', 'putrielf69@gmail.com', 1),
('461304533', 'Junaidi Habibatul Rohman', 'junet', 'Jrohman33@gmail.com', 1),
('461304534', 'Bayu Gannesa Putra', 'bayu', 'Bayuganessap@gmail.com', 1),
('461304542', 'QOEYUMMUS SA''ADAH', 'Qs12345678', 'qoyumsaja6@gmail.com', 1),
('461304543', 'Tut Alladheni Baktiyanda', '461304543', 'dheniyanda45@gmail.com', 1),
('461304545', 'Mohamad Arif Ainurochim', 'q2222222', 'rokhimdota@gmail.com', 1),
('461304559', 'JACKSON HAPOSAN S.', 'jecksen21', 'jacksonhs25@gmail.com', 1),
('461304561', 'TRY DARMAWAN PUTRA MANALU', 'jesusmylord', 'dh4rm4.m4n4lu@gmail.com', 1),
('461304563', 'TRI WIJAYANTI', 'yantyqiujie', 'Yantyqiu.jie@gmail.com', 1),
('461304570', 'MOH. YUNUS ASRORI', '222222', 'Asroriyunus@gmail.com', 1);

-- --------------------------------------------------------

--
-- Table structure for table `tb_pengumuman`
--

CREATE TABLE IF NOT EXISTS `tb_pengumuman` (
  `id` int(4) NOT NULL,
  `tgl` date NOT NULL,
  `judul` char(64) NOT NULL,
  `isi` text NOT NULL,
  `tgl_exp` date NOT NULL,
  `lampiran` varchar(255) DEFAULT NULL,
  `slug` varchar(255) NOT NULL,
  `validasi` tinyint(1) NOT NULL DEFAULT '0'
) ENGINE=InnoDB AUTO_INCREMENT=2 DEFAULT CHARSET=latin1;

--
-- Dumping data for table `tb_pengumuman`
--

INSERT INTO `tb_pengumuman` (`id`, `tgl`, `judul`, `isi`, `tgl_exp`, `lampiran`, `slug`, `validasi`) VALUES
(1, '2016-10-16', 'Materi Briefing', '<p>Berikut ini materi briefing tugas perancangan sistem</p>', '2016-12-31', '2016_TugasPerancanganSistem.pdf', 'Materi-Briefing', 1);

-- --------------------------------------------------------

--
-- Table structure for table `tb_setting`
--

CREATE TABLE IF NOT EXISTS `tb_setting` (
  `thn_ajaran` char(4) NOT NULL,
  `smt` char(1) NOT NULL DEFAULT '1',
  `bts_judul` date DEFAULT NULL,
  `bts_kelompok` date DEFAULT NULL,
  `bts_proposal` date DEFAULT NULL,
  `bts_revisi` date DEFAULT NULL,
  `npp_kalab` char(15) DEFAULT NULL,
  `nama_kalab` char(30) DEFAULT NULL,
  `npp_dekan` char(15) DEFAULT NULL,
  `nama_dekan` char(30) DEFAULT NULL,
  `no_surattgs` char(20) DEFAULT NULL,
  `tgl_surattgs` date DEFAULT NULL,
  `status` tinyint(1) DEFAULT '0',
  `bobot_bimbingan` int(3) NOT NULL DEFAULT '0',
  `bobot_moderator` int(3) NOT NULL DEFAULT '0',
  `bobot_penguji1` int(3) NOT NULL DEFAULT '0',
  `bobot_penguji2` int(3) NOT NULL DEFAULT '0',
  `kom_a` int(3) NOT NULL DEFAULT '0',
  `kom_b` int(3) NOT NULL DEFAULT '0',
  `kom_c` int(3) NOT NULL DEFAULT '0',
  `kom_d` int(3) NOT NULL DEFAULT '0'
) ENGINE=InnoDB DEFAULT CHARSET=latin1;

--
-- Dumping data for table `tb_setting`
--

INSERT INTO `tb_setting` (`thn_ajaran`, `smt`, `bts_judul`, `bts_kelompok`, `bts_proposal`, `bts_revisi`, `npp_kalab`, `nama_kalab`, `npp_dekan`, `nama_dekan`, `no_surattgs`, `tgl_surattgs`, `status`, `bobot_bimbingan`, `bobot_moderator`, `bobot_penguji1`, `bobot_penguji2`, `kom_a`, `kom_b`, `kom_c`, `kom_d`) VALUES
('2015', '2', '2016-10-31', '2016-10-31', '2016-10-31', '2016-10-31', '20460960502', 'Ir. Sugiono MT.', '20450000515', 'Dr. Ir. Muaffaq A. Jani, M.Eng', '..../K/FT/X/2016', '2016-04-19', 0, 25, 25, 25, 25, 25, 25, 25, 25),
('2016', '1', '2016-11-30', '2016-11-30', '2016-11-30', '2016-12-01', '20460980502', 'Ir. Sugiono, MT', '20450000515', 'Dr. Ir. Muaffaq Achmad Jani, M', '..../K/FT/X/2016', '2016-10-31', 1, 25, 25, 25, 25, 25, 25, 25, 25);

--
-- Indexes for dumped tables
--

--
-- Indexes for table `tb_anggota`
--
ALTER TABLE `tb_anggota`
  ADD PRIMARY KEY (`thn_ajaran`,`smt`,`kode_kel`,`nbi`),
  ADD KEY `tb_anggota_ibfk_1` (`nbi`);

--
-- Indexes for table `tb_bimbingan`
--
ALTER TABLE `tb_bimbingan`
  ADD PRIMARY KEY (`thn_ajaran`,`smt`,`kode_kel`,`nou`);

--
-- Indexes for table `tb_dosen`
--
ALTER TABLE `tb_dosen`
  ADD PRIMARY KEY (`npp`);

--
-- Indexes for table `tb_jadwal`
--
ALTER TABLE `tb_jadwal`
  ADD PRIMARY KEY (`thn_ajaran`,`smt`,`kode_kel`),
  ADD KEY `moderator` (`moderator`),
  ADD KEY `penguji1` (`penguji1`),
  ADD KEY `penguji2` (`penguji2`);

--
-- Indexes for table `tb_kelompok`
--
ALTER TABLE `tb_kelompok`
  ADD PRIMARY KEY (`thn_ajaran`,`smt`,`kode_kel`),
  ADD KEY `tb_kelompok_ibfk_1` (`npp`);

--
-- Indexes for table `tb_mhs`
--
ALTER TABLE `tb_mhs`
  ADD PRIMARY KEY (`nbi`);

--
-- Indexes for table `tb_pengumuman`
--
ALTER TABLE `tb_pengumuman`
  ADD PRIMARY KEY (`id`);

--
-- Indexes for table `tb_setting`
--
ALTER TABLE `tb_setting`
  ADD PRIMARY KEY (`thn_ajaran`,`smt`);

--
-- AUTO_INCREMENT for dumped tables
--

--
-- AUTO_INCREMENT for table `tb_pengumuman`
--
ALTER TABLE `tb_pengumuman`
  MODIFY `id` int(4) NOT NULL AUTO_INCREMENT,AUTO_INCREMENT=2;
--
-- Constraints for dumped tables
--

--
-- Constraints for table `tb_anggota`
--
ALTER TABLE `tb_anggota`
  ADD CONSTRAINT `tb_anggota_ibfk_1` FOREIGN KEY (`nbi`) REFERENCES `tb_mhs` (`nbi`) ON DELETE CASCADE ON UPDATE CASCADE;

--
-- Constraints for table `tb_jadwal`
--
ALTER TABLE `tb_jadwal`
  ADD CONSTRAINT `tb_jadwal_ibfk_1` FOREIGN KEY (`moderator`) REFERENCES `tb_dosen` (`npp`) ON DELETE NO ACTION ON UPDATE CASCADE,
  ADD CONSTRAINT `tb_jadwal_ibfk_2` FOREIGN KEY (`penguji1`) REFERENCES `tb_dosen` (`npp`) ON DELETE NO ACTION ON UPDATE CASCADE,
  ADD CONSTRAINT `tb_jadwal_ibfk_3` FOREIGN KEY (`penguji2`) REFERENCES `tb_dosen` (`npp`) ON DELETE NO ACTION ON UPDATE CASCADE;

--
-- Constraints for table `tb_kelompok`
--
ALTER TABLE `tb_kelompok`
  ADD CONSTRAINT `tb_kelompok_ibfk_1` FOREIGN KEY (`npp`) REFERENCES `tb_dosen` (`npp`) ON DELETE CASCADE ON UPDATE CASCADE;

/*!40101 SET CHARACTER_SET_CLIENT=@OLD_CHARACTER_SET_CLIENT */;
/*!40101 SET CHARACTER_SET_RESULTS=@OLD_CHARACTER_SET_RESULTS */;
/*!40101 SET COLLATION_CONNECTION=@OLD_COLLATION_CONNECTION */;
